id,book_id,vendor,price,url,in_stock
po-2532c503a4d5,b1,Kindle,6.17,#,1
po-fa624e548eeb,b2,Amazon,14.91,#,1
po-0288a1154eeb,b3,Kindle,11.79,#,1
po-a54cb1fc4521,b4,Kindle,15.52,#,1
po-0f2c7295351d,b5,Kindle,10.68,#,1
po-96f92cc6badd,b6,Amazon,17.07,#,0
po-0486ce0ffd42,b7,Amazon,14.82,#,0
po-f6abcd40524c,b8,Barnes & Noble,13.41,#,1
po-e7fa83fdff93,b9,Amazon,12.63,#,1
po-3ed327957fdb,b10,Amazon,16.87,#,0
po-b3877154dfcb,b11,Barnes & Noble,8.76,#,1
po-ac4d21795ad8,b12,Kindle,16.52,#,1
po-533b29558cb9,b13,Amazon,19.3,#,1
po-1acb7e7f31a0,b14,Kindle,17.62,#,1
po-cf739f1747d9,b15,Barnes & Noble,9.85,#,1
po-f8af7227bfcf,b16,Amazon,18.16,#,1
po-4d6f8133f537,b17,Barnes & Noble,16.48,#,1
po-6d555d504d04,b18,Barnes & Noble,11.34,#,1
po-1392512b07ea,b19,Barnes & Noble,10.59,#,0
po-3ef6d62aef59,b20,Amazon,13.81,#,1
po-6d868968f0c8,b21,Barnes & Noble,5.87,#,1
po-aa012cecd017,b22,Amazon,9.17,#,0
po-334a9ef39d3c,b23,Kindle,8.63,#,0
po-d33d8bc0fee3,b24,Kindle,10.3,#,0
po-e8cc5d06bb8f,b25,Amazon,11.03,#,1
po-b11501150c05,b26,Kindle,7.09,#,1
po-2dc12e8fec2c,b27,Barnes & Noble,6.46,#,1
po-2f101025d71b,b28,Kindle,12.21,#,0
po-8c86c165e4f6,b29,Kindle,18.89,#,0
po-80f9bd0a44ed,b30,Kindle,8.26,#,1
po-790ba3f9710f,b31,Barnes & Noble,12.14,#,1
po-fabfc6d204ce,b32,Barnes & Noble,6.01,#,1
po-673f958ce01e,b33,Amazon,11.28,#,1
po-213fe62badf9,b34,Kindle,6.95,#,1
po-f2efa37595d9,b35,Barnes & Noble,19.97,#,1
po-dc2e1318d3cb,b36,Amazon,18.18,#,1
po-d52813b85d97,b37,Barnes & Noble,12.92,#,1
po-6153841eb921,b38,Barnes & Noble,13.29,#,1
po-022634b24085,b39,Barnes & Noble,17.78,#,0
po-6f65fd809bf4,b40,Kindle,17.43,#,1
po-76dbc3e95b72,b41,Kindle,13.27,#,0
po-126a6999aa6c,b42,Barnes & Noble,18.55,#,1
po-7544912a5eb6,b43,Kindle,10.46,#,1
po-4cfcc3e22ede,b44,Barnes & Noble,18.25,#,0
po-6cc9e32f3d31,b45,Amazon,19.63,#,1
po-bb5e8fb09bc9,b46,Kindle,17.02,#,1
po-979aa6ac6e47,b47,Kindle,8.33,#,0
po-736794ea7751,b48,Barnes & Noble,7.89,#,1
po-d65c51b3b49e,b49,Barnes & Noble,10.99,#,1
po-fcd90047b275,b50,Kindle,5.56,#,0
po-eb7a7d30feae,b51,Amazon,10.77,#,1
po-49bd58c9becf,b52,Barnes & Noble,15.29,#,1
po-c0afe738dcae,b53,Kindle,14.94,#,1
po-25deda29e921,b54,Kindle,11.03,#,1
po-1c6d97018887,b55,Barnes & Noble,16.21,#,1
po-9620004c2a77,b56,Amazon,9.55,#,1
po-75364314c3ac,b57,Barnes & Noble,8.2,#,0
po-e996fde4ff8c,b58,Barnes & Noble,14.28,#,1
po-f3f8ef166cb8,b59,Amazon,7.2,#,1
po-247c8a6bb23d,b60,Barnes & Noble,7.91,#,0
po-d372524a01e7,b61,Barnes & Noble,5.07,#,1
po-10765e91d433,b62,Barnes & Noble,12.76,#,1
po-d85f3d631319,b63,Kindle,15.0,#,1
po-63b54f67a3bd,b64,Kindle,17.45,#,0
po-9e4918ea96a9,b65,Amazon,17.59,#,1
po-51ac006bd143,b66,Amazon,15.69,#,1
po-5bf8a21a924e,b67,Amazon,10.74,#,1
po-706d4580cc67,b68,Barnes & Noble,11.98,#,1
po-7f858ef8d203,b69,Barnes & Noble,19.18,#,1
po-ab56c92f894a,b70,Kindle,16.29,#,0
po-c4c9b24daac7,b71,Kindle,12.27,#,0
po-dcc9c952328e,b72,Amazon,19.7,#,1
po-d7a5585d19f8,b73,Kindle,7.03,#,0
po-fc8988052e82,b74,Kindle,9.89,#,0
po-a388160b7931,b75,Kindle,5.28,#,1
po-b3829212e633,b76,Amazon,7.98,#,1
po-c718291a9b03,b77,Barnes & Noble,6.71,#,1
po-ee695c18850f,b78,Barnes & Noble,19.45,#,1
po-b147ae614185,b79,Amazon,18.92,#,0
po-a028cea423fa,b80,Barnes & Noble,17.45,#,1
po-627a53f7ac10,b81,Barnes & Noble,16.73,#,1
po-9dccf3d95e78,b82,Barnes & Noble,10.11,#,0
po-285a1c8a6050,b83,Kindle,15.6,#,0
po-9a200bb162de,b84,Kindle,11.96,#,1
po-1bf228ee558e,b85,Kindle,8.65,#,0
po-ad692da6d0dc,b86,Kindle,7.72,#,1
po-584cc7684acf,b87,Barnes & Noble,18.19,#,1
po-74b33ec1d06c,b88,Kindle,12.32,#,1
po-54fcf74fc923,b89,Amazon,9.4,#,0
po-100db9587fc3,b90,Barnes & Noble,12.95,#,0
po-4768c06d3db0,b91,Kindle,9.59,#,1
po-5624f284472e,b92,Barnes & Noble,19.25,#,1
po-23820cab68b4,b93,Barnes & Noble,13.94,#,1
po-61396030fd81,b94,Amazon,15.61,#,1
po-24e4beb95d75,b95,Barnes & Noble,18.02,#,0
po-3e01a2d7d890,b96,Kindle,10.1,#,1
po-210efa814bf0,b97,Amazon,11.0,#,1
po-4b6a2b078b5c,b98,Barnes & Noble,19.23,#,1
po-23f0d77b5a8a,b99,Amazon,16.63,#,0
po-c726f64eb5a9,b100,Kindle,9.57,#,1
po-9775095f908f,b101,Amazon,8.96,#,1
po-c919952165cd,b102,Kindle,11.75,#,0
po-ea48e99bf5e0,b103,Barnes & Noble,17.88,#,1
po-e000f41b8732,b104,Amazon,11.37,#,1
po-9eb9841824fc,b105,Amazon,7.48,#,1
po-66cb53f68ce3,b106,Barnes & Noble,9.55,#,0
po-9dccd7de027a,b107,Amazon,18.33,#,1
po-908eaff22ac1,b108,Barnes & Noble,17.53,#,1
po-5d01897550c8,b109,Amazon,12.05,#,0
po-bfe634b7d846,b110,Kindle,10.21,#,1
po-69e131493240,b111,Kindle,15.4,#,1
po-5de896fb9052,b112,Kindle,9.84,#,0
po-48247b985d2c,b113,Kindle,5.8,#,1
po-a78ef649cddb,b114,Amazon,9.0,#,1
po-7f31d6dfbd94,b115,Barnes & Noble,14.12,#,1
po-a22205a74eb8,b116,Amazon,8.36,#,1
po-ee379daff564,b117,Kindle,12.62,#,1
po-4bebde1756e1,b118,Barnes & Noble,7.16,#,1
po-32c598c4061f,b119,Kindle,10.09,#,1
po-524f6525110c,b120,Amazon,11.69,#,0
po-799e4e425d8d,b121,Amazon,19.7,#,1
po-c5c19ac7339c,b122,Barnes & Noble,12.08,#,0
po-8945ebb59e0c,b123,Barnes & Noble,19.47,#,1
po-17da6bc9bfa1,b124,Kindle,5.22,#,1
po-4ea6ee04dea2,b125,Kindle,10.07,#,0
po-49c327084375,b126,Kindle,14.39,#,0
po-6b6565331337,b127,Barnes & Noble,18.8,#,1
po-212a1516ff12,b128,Barnes & Noble,15.55,#,1
po-ad6aaa188083,b129,Kindle,16.93,#,1
po-7d8470081131,b130,Barnes & Noble,11.17,#,1
po-e868c524be67,b131,Barnes & Noble,8.6,#,1
po-3028fec99fcd,b132,Amazon,18.47,#,0
po-75004096e321,b133,Kindle,19.8,#,1
po-305ae3c89dbc,b134,Amazon,19.98,#,0
po-3630c6059d1b,b135,Barnes & Noble,9.42,#,0
po-a9ba2fb36300,b136,Amazon,14.1,#,1
po-4c12c8cbc1b0,b137,Barnes & Noble,16.5,#,1
po-81e93ec166f1,b138,Amazon,13.68,#,1
po-9359007069da,b139,Amazon,8.0,#,1
po-ed023a88d51c,b140,Kindle,19.5,#,1
po-adbca354350b,b141,Amazon,7.1,#,1
po-7b80dd5b5a22,b142,Kindle,5.2,#,1
po-91f38e60fab6,b143,Kindle,6.62,#,1
po-b5504b87ae13,b144,Barnes & Noble,17.35,#,1
po-78491eaeaaf6,b145,Amazon,9.56,#,0
po-0fd4110dea28,b146,Kindle,15.05,#,0
po-b47209ee13ce,b147,Kindle,14.22,#,1
po-1ca79bb3266a,b148,Kindle,19.25,#,1
po-f4ca1b268962,b149,Amazon,10.96,#,1
po-2640bab9efeb,b150,Amazon,14.62,#,1
po-381be5477f54,b151,Barnes & Noble,8.07,#,1
po-eb72614a02ef,b152,Barnes & Noble,5.03,#,1
po-fbe214b0c05e,b153,Barnes & Noble,17.99,#,1
po-80effc8d4ef9,b154,Kindle,5.78,#,0
po-e993972bddb8,b155,Kindle,12.69,#,1
po-4aab598255c0,b156,Barnes & Noble,12.81,#,0
po-39481f86c979,b157,Kindle,15.28,#,0
po-9af647c16894,b158,Amazon,9.82,#,1
po-64efabbbcd15,b159,Barnes & Noble,9.87,#,1
po-a491d2557be4,b160,Barnes & Noble,6.71,#,1
po-055a3f8df3cf,b161,Kindle,10.97,#,1
po-76724ec8add8,b162,Barnes & Noble,18.83,#,1
po-4da1f68ee236,b163,Amazon,16.16,#,1
po-5993f8d5706e,b164,Barnes & Noble,6.82,#,1
po-f0fb1c575940,b165,Kindle,10.26,#,1
po-9ef350a64957,b166,Amazon,10.24,#,1
po-dd776b8a072b,b167,Barnes & Noble,19.61,#,1
po-6134c637fcc0,b168,Kindle,15.53,#,1
po-65e076e6a6e2,b169,Amazon,13.48,#,0
po-fbb750b014f3,b170,Barnes & Noble,8.22,#,0
po-ef67d541c1a6,b171,Kindle,16.64,#,1
po-913dbe8bf29a,b172,Kindle,11.64,#,0
po-c7f819b01ede,b173,Barnes & Noble,6.7,#,0
po-adda0b7dea4f,b174,Amazon,10.92,#,1
po-2c270cccc4c0,b175,Amazon,16.45,#,1
po-ee10d54b4f01,b176,Amazon,6.93,#,1
po-9a23c2383d32,b177,Barnes & Noble,5.62,#,1
po-c013993d3fd4,b178,Barnes & Noble,11.06,#,0
po-74dc0c254641,b179,Amazon,17.01,#,0
po-66ca722a9170,b180,Amazon,8.64,#,0
po-6c6b355583c8,b181,Amazon,9.99,#,1
po-5f440d4002ea,b182,Kindle,10.26,#,1
po-42ccf60a50c7,b183,Barnes & Noble,7.28,#,1
po-9a22fb0fa462,b184,Barnes & Noble,11.72,#,1
po-f7022997246c,b185,Kindle,14.46,#,1
po-f2ad015537de,b186,Kindle,5.55,#,1
po-fa5a0214a38c,b187,Kindle,13.69,#,1
po-bd9a119ba935,b188,Barnes & Noble,7.25,#,1
po-5773b7b451f2,b189,Amazon,5.58,#,0
po-9c9f76100760,b190,Kindle,11.12,#,1
po-17d99f5ed124,b191,Kindle,6.41,#,0
po-47b80efd7703,b192,Barnes & Noble,7.11,#,1
po-37e47686c739,b193,Barnes & Noble,19.06,#,1
po-3795a8433a6b,b194,Barnes & Noble,17.42,#,1
po-19b2b30195fa,b195,Kindle,7.69,#,1
po-9627ada3fd9b,b196,Amazon,7.31,#,1
po-3bc993aeb36e,b197,Amazon,13.95,#,1
po-be57c234c85e,b198,Kindle,15.14,#,1
po-0b612c14cf12,b199,Barnes & Noble,8.58,#,0
po-acf29ec1b6ec,b200,Kindle,12.53,#,0
po-946bff3e5c77,b201,Amazon,14.61,#,1
po-0426d753b131,b202,Kindle,6.25,#,1
po-8bb3787ca1ca,b203,Kindle,18.26,#,1
po-18b665d50f5f,b204,Amazon,10.61,#,1
po-769b51889bd1,b205,Amazon,7.05,#,1
po-bc4e8713ce50,b206,Amazon,18.58,#,1
po-255604ba3623,b207,Kindle,6.66,#,1
po-19f43a2a998c,b208,Kindle,14.57,#,0
po-96767b817298,b209,Barnes & Noble,13.62,#,1
po-0bc11bd0576e,b210,Kindle,7.8,#,1
po-6d8abe17168e,b211,Barnes & Noble,13.3,#,0
po-4808c2af0e3e,b212,Amazon,10.35,#,1
po-c361c3dad74b,b213,Amazon,5.66,#,1
po-7def447993c8,b214,Amazon,5.94,#,0
po-575b2415a710,b215,Amazon,18.28,#,1
po-1a2888241870,b216,Barnes & Noble,7.86,#,1
po-6cf19831fa02,b217,Kindle,11.54,#,0
po-eb69d85e9cc5,b218,Barnes & Noble,12.45,#,1
po-b23f194fee7d,b219,Barnes & Noble,19.92,#,1
po-c82a0f2bec99,b220,Kindle,14.9,#,1
po-92adf1b7039e,b221,Kindle,10.26,#,1
po-16a09d3125c9,b222,Amazon,6.12,#,0
po-cd2b4cf984a3,b223,Barnes & Noble,15.16,#,0
po-a11ce37d6fb5,b224,Barnes & Noble,10.48,#,0
po-b3e628ac63b4,b225,Kindle,16.44,#,1
po-ba2ea42d5393,b226,Amazon,19.4,#,1
po-4399f3466c8f,b227,Kindle,16.61,#,0
po-12265b46cb33,b228,Amazon,7.03,#,1
po-e55b4fafaba4,b229,Barnes & Noble,19.5,#,1
po-cf7002eb347e,b230,Amazon,15.67,#,1
po-7e3941c3ecc8,b231,Amazon,8.54,#,0
po-10e559989d69,b232,Amazon,14.17,#,1
po-99addd9971db,b233,Kindle,16.53,#,1
po-c6e31920e71b,b234,Barnes & Noble,10.16,#,1
po-c58d7c40b9b8,b235,Amazon,12.76,#,1
po-98ec25ead0d5,b236,Kindle,17.68,#,1
po-2db0fb8773c4,b237,Kindle,14.21,#,1
po-49459d84e1a2,b238,Barnes & Noble,14.36,#,1
po-a9c50f57c521,b239,Barnes & Noble,16.56,#,1
po-e8d002960b1c,b240,Barnes & Noble,13.17,#,1
po-e48145c3f704,b241,Barnes & Noble,5.89,#,0
po-65cd07ca7422,b242,Barnes & Noble,7.15,#,1
po-1e9d29a14983,b243,Kindle,12.71,#,1
po-584a6dae5a15,b244,Kindle,8.71,#,1
po-264b4245a775,b245,Kindle,19.0,#,1
po-8290aec169d3,b246,Kindle,18.18,#,0
po-05e9842c348f,b247,Barnes & Noble,10.28,#,1
po-de0227602baa,b248,Amazon,11.45,#,1
po-7e436a6ecd88,b249,Amazon,13.54,#,1
po-2fdf1a70a440,b250,Barnes & Noble,11.75,#,1
po-707080d1ca5d,b251,Kindle,10.59,#,1
po-1deb955c1cc1,b252,Barnes & Noble,11.01,#,1
po-2f86bbf9a5d4,b253,Barnes & Noble,11.84,#,1
po-c2272e2c706b,b254,Barnes & Noble,16.08,#,1
po-12be4c755e02,b255,Amazon,10.52,#,1
po-6987802f9cd2,b256,Amazon,13.94,#,1
po-4c5d6bb28158,b257,Amazon,12.85,#,0
po-ceca2a9fabef,b258,Barnes & Noble,6.64,#,1
po-5975cd30f6a4,b259,Barnes & Noble,8.05,#,0
po-e9c34b499fc3,b260,Barnes & Noble,9.87,#,0
po-fc2d508f574b,b261,Barnes & Noble,10.12,#,1
po-c49de2521629,b262,Kindle,13.36,#,1
po-3e0dfb8bf309,b263,Kindle,9.75,#,1
po-d6f47c615386,b264,Barnes & Noble,13.14,#,0
po-ac62cef0d3c2,b265,Barnes & Noble,6.18,#,0
po-81746572952f,b266,Barnes & Noble,9.06,#,1
po-944998c6f2c6,b267,Barnes & Noble,18.57,#,1
po-891c84f32ed2,b268,Kindle,15.75,#,1
po-36071500590c,b269,Amazon,11.09,#,0
po-7a19cfa38a16,b270,Barnes & Noble,5.88,#,1
po-9dcd201d5c7d,b271,Amazon,11.26,#,1
po-dd646f5258b2,b272,Kindle,18.14,#,1
po-0e14c8d0d1d2,b273,Barnes & Noble,13.14,#,0
po-4202890b8e28,b274,Amazon,9.95,#,0
po-802321b231cb,b275,Kindle,16.85,#,1
po-e8653dd0c456,b276,Amazon,11.0,#,1
po-342be501c710,b277,Amazon,8.9,#,1
po-a5918429854e,b278,Barnes & Noble,13.58,#,1
po-987b0c0e81b4,b279,Amazon,11.97,#,1
po-1839cd56bc1c,b280,Kindle,14.21,#,1
po-8dbd087dd48b,b281,Kindle,11.23,#,0
po-6f7266d90a86,b282,Barnes & Noble,18.09,#,1
po-45f3acabdd44,b283,Barnes & Noble,6.67,#,1
po-83bd84124a23,b284,Barnes & Noble,11.62,#,1
po-6013e0731e89,b285,Barnes & Noble,11.67,#,1
po-d1efa778eff9,b286,Barnes & Noble,11.93,#,1
po-81ae7e50f246,b287,Barnes & Noble,8.26,#,1
po-fa60291e0f77,b288,Amazon,19.78,#,0
po-74c47a884753,b289,Amazon,16.48,#,0
po-20192c49334e,b290,Kindle,6.19,#,1
po-df2297bdc5be,b291,Barnes & Noble,10.89,#,1
po-8daf818ddb51,b292,Kindle,15.09,#,0
po-2352a1cff943,b293,Kindle,7.32,#,1
po-f5df6242b932,b294,Barnes & Noble,11.28,#,1
po-6b601c4e6537,b295,Amazon,11.69,#,1
po-ff5dd6ba8b60,b296,Barnes & Noble,8.25,#,1
po-c39d50011b8d,b297,Barnes & Noble,13.63,#,1
po-f15f4a624e4f,b298,Kindle,9.12,#,1
po-61ed71332415,b299,Barnes & Noble,15.06,#,1
po-aa33a4c04d30,b300,Kindle,7.75,#,0
po-8ef7e609dec0,b301,Amazon,17.08,#,1
po-d6bdad2e653d,b302,Amazon,8.81,#,1
po-1e123de4d068,b303,Barnes & Noble,17.43,#,1
po-cff6c4b70de3,b304,Barnes & Noble,15.85,#,1
po-d5219fbdf01d,b305,Amazon,19.05,#,1
po-2a5eb58f3658,b306,Barnes & Noble,15.55,#,0
po-9fa459e33561,b307,Barnes & Noble,14.72,#,1
po-2846ead406d9,b308,Barnes & Noble,12.03,#,1
po-a53ef33070f6,b309,Amazon,16.11,#,1
po-8096fab9bedb,b310,Kindle,8.44,#,1
po-8e5b3a0a8283,b311,Kindle,19.49,#,0
po-f063bb5617b1,b312,Barnes & Noble,13.19,#,1
po-1743427f77cb,b313,Barnes & Noble,5.72,#,1
po-247787c3b3af,b314,Amazon,5.13,#,0
po-352b1c81b7a1,b315,Barnes & Noble,13.26,#,1
po-65997bca15b3,b316,Barnes & Noble,15.1,#,1
po-bc670adf9e71,b317,Barnes & Noble,12.89,#,1
po-7c2ff7e8cd27,b318,Kindle,11.87,#,1
po-982e64dc468a,b319,Barnes & Noble,19.87,#,1
po-520550b3b25e,b320,Amazon,14.54,#,1
po-63cfaf701a1d,b321,Amazon,18.41,#,1
po-9e90f82a6fec,b322,Barnes & Noble,18.87,#,1
po-22d698c43ab6,b323,Barnes & Noble,7.15,#,0
po-2739077ae312,b324,Barnes & Noble,18.44,#,1
po-87271da2a5a7,b325,Barnes & Noble,19.6,#,1
po-8977070c75d6,b326,Barnes & Noble,16.53,#,0
po-a662efa87f6f,b327,Kindle,8.41,#,0
po-ec1a3d7be8d8,b328,Barnes & Noble,9.42,#,1
po-9a969d9d9a37,b329,Barnes & Noble,16.75,#,1
po-829050cb96a2,b330,Amazon,19.13,#,0
po-965c2794b2de,b331,Amazon,7.8,#,0
po-2cb16a61be85,b332,Amazon,10.3,#,1
po-2a4a6661d73d,b333,Kindle,10.81,#,1
po-81554b1ec710,b334,Kindle,7.53,#,1
po-231e4c334540,b335,Amazon,11.51,#,0
po-7544ad8f265e,b336,Barnes & Noble,14.37,#,1
po-2835bd9bc9fa,b337,Kindle,17.61,#,0
po-abb5252434f4,b338,Barnes & Noble,19.6,#,1
po-0086edb3a648,b339,Kindle,19.52,#,1
po-c51c938eb390,b340,Kindle,9.19,#,0
po-ab7583eb8007,b341,Barnes & Noble,5.39,#,0
po-95abc45c310b,b342,Amazon,17.27,#,0
po-30b4929ef6c6,b343,Barnes & Noble,7.3,#,0
po-6cd4e51f7564,b344,Barnes & Noble,12.59,#,0
po-20505fbd47b1,b345,Barnes & Noble,14.56,#,1
po-b02f176801ef,b346,Barnes & Noble,14.18,#,0
po-208cc0e10c62,b347,Amazon,8.87,#,1
po-b86a9a662e60,b348,Barnes & Noble,15.35,#,1
po-dc0079327c0d,b349,Kindle,18.8,#,1
po-3153af035065,b350,Kindle,16.75,#,0
po-a1e4b0b8180b,b351,Kindle,9.77,#,1
po-25c248c2a2a2,b352,Kindle,14.71,#,1
po-31e4b74a2c30,b353,Kindle,19.37,#,1
po-ef272394b2af,b354,Barnes & Noble,11.47,#,1
po-a180e93b2b25,b355,Kindle,5.06,#,1
po-72b95d66dfa9,b356,Amazon,10.48,#,1
po-56b1d74c49cf,b357,Barnes & Noble,9.69,#,0
po-e40a6b0886d4,b358,Kindle,14.25,#,1
po-e27d56c9be4f,b359,Amazon,9.57,#,1
po-df835e30a45c,b360,Amazon,13.61,#,0
po-561c02675651,b361,Amazon,7.8,#,0
po-4d2c806d338b,b362,Amazon,7.92,#,0
po-b5f1d9bbc787,b363,Kindle,15.64,#,0
po-99ff8c35239d,b364,Amazon,9.37,#,1
po-fc3cdf280648,b365,Kindle,13.47,#,0
po-2738992898f5,b366,Barnes & Noble,17.34,#,1
po-99fd12290ba9,b367,Kindle,6.53,#,1
po-b726fcc6a195,b368,Amazon,11.58,#,1
po-cf2d2371cbce,b369,Barnes & Noble,13.81,#,1
po-843fe58ce065,b370,Amazon,16.76,#,1
po-19043c57e73f,b371,Amazon,9.84,#,1
po-4caa09375861,b372,Amazon,19.43,#,0
po-b8231dc067cc,b373,Amazon,15.66,#,1
po-a15e12e0774f,b374,Barnes & Noble,9.02,#,0
po-37fdf47b41b6,b375,Kindle,12.72,#,1
po-0e45789b9522,b376,Barnes & Noble,5.03,#,1
po-b0a581ec350e,b377,Barnes & Noble,10.96,#,0
po-69411c1fce09,b378,Kindle,13.2,#,1
po-8d9d4750b085,b379,Amazon,5.68,#,0
po-c87caf0824e9,b380,Kindle,8.02,#,1
po-d6636d4d2b5d,b381,Kindle,8.75,#,1
po-0e80bf7b2331,b382,Barnes & Noble,9.57,#,1
po-6978b352621f,b383,Kindle,6.16,#,1
po-344b06a75750,b384,Barnes & Noble,10.14,#,1
po-eaf573e6e1e8,b385,Kindle,6.33,#,1
po-5ee7c3b714f3,b386,Amazon,14.61,#,1
po-0f9d43a0c704,b387,Kindle,15.83,#,1
po-514df3ae4633,b388,Amazon,7.09,#,1
po-976aed399a8d,b389,Amazon,8.71,#,1
po-336b9dbbbef7,b390,Kindle,8.07,#,1
po-ff16e56f0e53,b391,Amazon,12.41,#,1
po-f2d73dd3e20b,b392,Kindle,6.97,#,0
po-f03835b6b6a2,b393,Amazon,13.8,#,1
po-7fc96a82311c,b394,Kindle,12.59,#,0
po-d7754712b0af,b395,Barnes & Noble,13.05,#,1
po-1131087ace8f,b396,Amazon,19.6,#,1
po-8f6e081aa25b,b397,Barnes & Noble,14.64,#,1
po-23e157f92d1b,b398,Amazon,18.86,#,1
po-186d043c9910,b399,Barnes & Noble,16.1,#,1
po-3a857c65177a,b400,Kindle,12.84,#,1
po-1040cc7095ff,b401,Barnes & Noble,18.29,#,1
po-ad912cd8afe7,b402,Kindle,15.67,#,1
po-5c42e3a325ad,b403,Barnes & Noble,7.49,#,1
po-368ab92d7dca,b404,Amazon,16.1,#,1
po-9777a1c46b01,b405,Kindle,10.45,#,1
po-7d95e3875937,b406,Barnes & Noble,11.28,#,1
po-24eeaa76d7c6,b407,Barnes & Noble,10.58,#,1
po-10e3503c7022,b408,Kindle,16.59,#,1
po-5e7890844a96,b409,Amazon,9.36,#,1
po-07df914d2f97,b410,Kindle,19.96,#,1
po-34a1ad200668,b411,Kindle,5.35,#,1
po-c93b17cdc552,b412,Barnes & Noble,10.63,#,1
po-0c601f7665b7,b413,Amazon,15.66,#,1
po-c22713d60f04,b414,Kindle,19.61,#,1
po-0bf57b1e4ead,b415,Barnes & Noble,13.51,#,0
po-ee75de2892b6,b416,Kindle,18.88,#,0
po-2c4ced65e2c3,b417,Amazon,6.11,#,1
po-3d45c062954a,b418,Amazon,11.73,#,1
po-94674ad2a6c5,b419,Kindle,11.94,#,1
po-30294837ed83,b420,Amazon,17.53,#,1
po-4b8516063acd,b421,Amazon,15.15,#,1
po-a6102d43d0df,b422,Barnes & Noble,8.74,#,0
po-53c00d4af7e1,b423,Amazon,17.45,#,1
po-e8e993f865d6,b424,Barnes & Noble,6.25,#,1
po-20e78c729576,b425,Barnes & Noble,11.64,#,1
po-217795c0aa70,b426,Kindle,5.75,#,0
po-8162e8de3640,b427,Barnes & Noble,11.39,#,1
po-8c4191746f53,b428,Amazon,5.51,#,1
po-aeffbb59db4d,b429,Kindle,5.9,#,1
po-f8aef2ddc266,b430,Barnes & Noble,8.73,#,1
po-60d56b7d4cbb,b431,Kindle,10.15,#,1
po-48b2650c2a50,b432,Barnes & Noble,8.28,#,1
po-6125b489a4c8,b433,Amazon,19.6,#,1
po-6b769a347850,b434,Barnes & Noble,5.83,#,1
po-83e82b183349,b435,Amazon,7.63,#,1
po-f7f4a50703ce,b436,Kindle,19.2,#,1
po-80a58d346b25,b437,Amazon,6.34,#,1
po-6779052e2b33,b438,Barnes & Noble,8.01,#,1
po-de2a732997ad,b439,Amazon,13.79,#,1
po-fe379fca760a,b440,Barnes & Noble,19.12,#,0
po-d52cb2613c2e,b441,Amazon,15.98,#,0
po-ac8738e9b4ed,b442,Barnes & Noble,15.39,#,1
po-043708a42401,b443,Barnes & Noble,9.41,#,1
po-174cf1dbcffb,b444,Kindle,18.81,#,1
po-491f7e5fcfc4,b445,Barnes & Noble,6.16,#,1
po-278198815368,b446,Kindle,11.69,#,1
po-e01abb1e3198,b447,Amazon,15.8,#,1
po-07caddc5db66,b448,Kindle,12.39,#,0
po-f0cdc2a48290,b449,Kindle,16.82,#,1
po-7e78a0be64d9,b450,Amazon,9.77,#,1
po-f7a7c39ab10e,b451,Amazon,13.2,#,1
po-058aa91f4573,b452,Amazon,14.1,#,0
po-72ec29b5ae2e,b453,Kindle,15.45,#,1
po-4ce837fd8940,b454,Amazon,10.88,#,0
po-bfe8a638f5ce,b455,Amazon,9.41,#,0
po-ab3496dd2b0a,b456,Barnes & Noble,9.37,#,1
po-4387c7bb44fc,b457,Kindle,12.33,#,1
po-80770da08093,b458,Kindle,10.53,#,0
po-cc1c89c08a54,b459,Kindle,13.45,#,1
po-70b479571a6a,b460,Kindle,17.11,#,0
po-9f019c4c98d4,b461,Barnes & Noble,11.27,#,0
po-94a2c8027749,b462,Kindle,18.53,#,1
po-68d5585c24ab,b463,Kindle,7.58,#,1
po-fc22a3e7a870,b464,Kindle,6.17,#,0
po-3345463ef9a4,b465,Amazon,6.3,#,0
po-f58e510d5270,b466,Barnes & Noble,14.34,#,0
po-66db0606d689,b467,Barnes & Noble,13.73,#,1
po-dfac29062ec3,b468,Kindle,18.16,#,1
po-aa25b26bcd90,b469,Amazon,9.12,#,1
po-7039d9edb23d,b470,Kindle,15.35,#,1
po-6360eb74b56c,b471,Kindle,9.65,#,0
po-8003a91f6daa,b472,Kindle,19.6,#,0
po-97aed1e81847,b473,Barnes & Noble,14.67,#,1
po-1908a8adafff,b474,Kindle,17.31,#,1
po-4155f04397d4,b475,Barnes & Noble,18.18,#,1
po-a0913855dc49,b476,Amazon,11.84,#,1
po-6ae8a4bcfcd3,b477,Barnes & Noble,10.94,#,1
po-22f66ee23518,b478,Kindle,7.65,#,0
po-6011f4fd33d3,b479,Kindle,16.22,#,1
po-502be5da3b44,b480,Barnes & Noble,16.69,#,1
po-65a0f4edcbed,b481,Kindle,12.69,#,1
po-6b92e29c6d3e,b482,Amazon,8.35,#,1
po-a28b5ceefbfc,b483,Kindle,11.87,#,1
po-91194ec7f9a8,b484,Barnes & Noble,19.49,#,1
po-72f9dc03018b,b485,Kindle,5.95,#,1
po-14a48ae9bfc8,b486,Barnes & Noble,9.47,#,1
po-8d3ce6cba55d,b487,Barnes & Noble,11.05,#,1
po-1a9459dbe7a4,b488,Kindle,11.06,#,1
po-da02dcd1e426,b489,Amazon,15.28,#,0
po-5d2ecf273383,b490,Barnes & Noble,18.14,#,1
po-ece8849d478c,b491,Kindle,15.87,#,1
po-bfd6d1ba609f,b492,Amazon,16.15,#,1
po-83cd4d6c4a07,b493,Kindle,11.95,#,1
po-96585d818f19,b494,Barnes & Noble,6.79,#,0
po-dd6e77b94072,b495,Amazon,7.05,#,1
po-03ddc9b3cabb,b496,Barnes & Noble,7.7,#,1
po-e03020695818,b497,Amazon,11.77,#,1
po-a3383a47c92a,b498,Amazon,6.93,#,0
po-d52a8fce4f45,b499,Amazon,5.56,#,1
po-c96e1fcca5ba,b500,Barnes & Noble,7.85,#,1
po-8722f752247f,b501,Kindle,9.67,#,1
po-94612d15a61a,b502,Amazon,9.46,#,1
po-24b3582ca1ab,b503,Amazon,10.13,#,0
po-360d93d267c2,b504,Kindle,5.28,#,1
po-785f3dc56ea6,b505,Amazon,6.84,#,1
po-20055ff14013,b506,Amazon,14.92,#,1
po-be546115d6fa,b507,Amazon,13.2,#,0
po-87a355c1fc98,b508,Kindle,11.3,#,1
po-f1729f938aef,b509,Kindle,17.45,#,1
po-706c94bf7bb1,b510,Amazon,12.46,#,1
po-5a15a2d8e7a9,b511,Kindle,7.4,#,0
po-20e04f00508c,b512,Amazon,15.06,#,1
po-eb7c86688c9a,b513,Barnes & Noble,6.12,#,1
po-a257cfc41da7,b514,Kindle,5.74,#,1
po-6b79293bdbd3,b515,Kindle,11.38,#,1
po-403b09c907cd,b516,Amazon,14.94,#,1
po-824445fc11c4,b517,Kindle,17.21,#,1
po-913ce72a0b77,b518,Kindle,15.34,#,0
po-58242b99d1c1,b519,Barnes & Noble,15.89,#,1
po-f8f362b868a3,b520,Barnes & Noble,10.69,#,1
po-6b5ea230b39f,b521,Amazon,18.3,#,0
po-f2755b6ec7ee,b522,Barnes & Noble,12.86,#,1
po-6592393cf501,b523,Barnes & Noble,6.42,#,1
po-638300ec9edc,b524,Barnes & Noble,18.37,#,1
po-67e776e27f39,b525,Amazon,6.11,#,0
po-ca90c791e686,b526,Amazon,13.25,#,0
po-bfd5a0e5e34e,b527,Kindle,17.01,#,0
po-1f6fecac14ce,b528,Kindle,16.17,#,1
po-43d830e2ae39,b529,Barnes & Noble,4.99,#,1
po-effd1898c6e7,b530,Barnes & Noble,11.83,#,1
po-d9bb94504ab4,b531,Kindle,9.97,#,0
po-2dbb4e6d1a06,b532,Barnes & Noble,8.32,#,1
po-93b7b3a78360,b533,Amazon,5.68,#,1
po-d2fb1367fc99,b534,Barnes & Noble,7.93,#,1
po-3708069174b6,b535,Kindle,6.61,#,0
po-5872b08e05aa,b536,Barnes & Noble,19.33,#,1
po-b0f1e4feaee9,b537,Kindle,18.86,#,1
po-c5605ce72b68,b538,Kindle,14.85,#,1
po-1f7b90260024,b539,Amazon,9.09,#,1
po-56f1cd07e3ab,b540,Barnes & Noble,15.49,#,1
po-26ccd337cfde,b541,Amazon,8.0,#,1
po-865422914956,b542,Barnes & Noble,15.4,#,1
po-a9daadf174ce,b543,Barnes & Noble,15.64,#,1
po-cee3f27f4471,b544,Amazon,5.79,#,1
po-3dac44f2f12c,b545,Amazon,17.58,#,1
po-dc2858bb4e8a,b546,Amazon,14.23,#,1
po-eb78b1b05f74,b547,Barnes & Noble,9.3,#,1
po-1ced660d5d7f,b548,Amazon,16.15,#,1
po-8801052d359b,b549,Barnes & Noble,15.56,#,1
po-1fdfd258cdf5,b550,Amazon,19.74,#,1
po-5dadba903696,b551,Kindle,13.34,#,1
po-d0e9015e4b34,b552,Kindle,15.64,#,1
po-9e25d6c0818f,b553,Barnes & Noble,17.64,#,1
po-9975714f230f,b554,Barnes & Noble,9.76,#,1
po-8fb51cdea74c,b555,Barnes & Noble,11.04,#,1
po-2769abf36071,b556,Kindle,8.27,#,0
po-7633bb556d21,b557,Kindle,11.68,#,1
po-4356d95b12a0,b558,Amazon,10.78,#,1
po-f24f1b9382ad,b559,Kindle,5.65,#,1
po-95580844c801,b560,Barnes & Noble,12.99,#,1
po-74e9bba95f8d,b561,Amazon,13.06,#,0
po-fb8d623e91ba,b562,Kindle,15.74,#,1
po-f8850c3da6a8,b563,Kindle,13.36,#,1
po-b2a549bcb434,b564,Kindle,9.74,#,0
po-2788f3f6814a,b565,Barnes & Noble,13.77,#,1
po-ced6dc3440cf,b566,Kindle,14.09,#,1
po-34727cd70f12,b567,Barnes & Noble,5.45,#,1
po-584ad936135f,b568,Barnes & Noble,9.41,#,1
po-c6bb04b4a87b,b569,Barnes & Noble,7.11,#,1
po-76d832b303ab,b570,Amazon,16.21,#,1
po-d685fb4af1a7,b571,Amazon,14.24,#,1
po-802a11e12866,b572,Barnes & Noble,11.91,#,1
po-2a7aab36a195,b573,Barnes & Noble,13.7,#,1
po-62911edb6abf,b574,Barnes & Noble,6.04,#,1
po-947723a92102,b575,Kindle,15.39,#,1
po-9e884a92dfe0,b576,Amazon,9.69,#,1
po-7430cde7c48e,b577,Amazon,15.18,#,1
po-65af7db34199,b578,Kindle,13.27,#,1
po-6aaebc33ba1a,b579,Amazon,18.36,#,1
po-fdb53d499941,b580,Barnes & Noble,5.46,#,0
po-20be7d6fbf7a,b581,Kindle,13.14,#,0
po-a9f150d15eac,b582,Barnes & Noble,15.99,#,1
po-abc92dd479e1,b583,Amazon,14.93,#,1
po-6404fe3e337d,b584,Barnes & Noble,19.22,#,1
po-3051854cf538,b585,Kindle,8.47,#,1
po-2a5b3756839a,b586,Kindle,10.81,#,0
po-7e9f2bf18358,b587,Barnes & Noble,14.49,#,1
po-f2215e8cbb74,b588,Kindle,13.81,#,1
po-ca3ce08fca16,b589,Kindle,10.28,#,1
po-43b5ed0e4e1c,b590,Kindle,7.47,#,1
po-f3f98024e7b6,b591,Amazon,7.35,#,1
po-b498c57fa69d,b592,Kindle,15.12,#,0
po-55f32457f48b,b593,Amazon,5.64,#,1
po-08634737e8da,b594,Kindle,18.83,#,0
po-9ae0a6e484d4,b595,Amazon,8.24,#,0
po-7e1b8eab3c5e,b596,Barnes & Noble,17.3,#,1
po-8c1ff961ceed,b597,Barnes & Noble,10.13,#,0
po-698f4be3bd04,b598,Kindle,6.97,#,1
po-078facfdc236,b599,Amazon,7.65,#,1
po-c19e7ae40c5a,b600,Barnes & Noble,6.94,#,1
